wage_from,wage_to,employer,employee,total
0.01,10.00,0.00,0.00,0.00
10.01,20.00,1.00,0.00,1.00
20.01,40.00,2.00,0.00,2.00
40.01,60.00,3.00,0.00,3.00
60.01,80.00,4.00,0.00,4.00
80.01,100.00,4.00,0.00,4.00
100.01,120.00,5.00,0.00,5.00
120.01,140.00,6.00,0.00,6.00
140.01,160.00,7.00,0.00,7.00
160.01,180.00,8.00,0.00,8.00
180.01,200.00,8.00,0.00,8.00
200.01,220.00,9.00,0.00,9.00
220.01,240.00,10.00,0.00,10.00
240.01,260.00,11.00,0.00,11.00
260.01,280.00,12.00,0.00,12.00
280.01,300.00,12.00,0.00,12.00
300.01,320.00,13.00,0.00,13.00
320.01,340.00,14.00,0.00,14.00
340.01,360.00,15.00,0.00,15.00
360.01,380.00,16.00,0.00,16.00
380.01,400.00,16.00,0.00,16.00
400.01,420.00,17.00,0.00,17.00
420.01,440.00,18.00,0.00,18.00
440.01,460.00,19.00,0.00,19.00
460.01,480.00,20.00,0.00,20.00
480.01,500.00,20.00,0.00,20.00
500.01,520.00,21.00,0.00,21.00
520.01,540.00,22.00,0.00,22.00
540.01,560.00,23.00,0.00,23.00
560.01,580.00,24.00,0.00,24.00
580.01,600.00,24.00,0.00,24.00
600.01,620.00,25.00,0.00,25.00
620.01,640.00,26.00,0.00,26.00
640.01,660.00,27.00,0.00,27.00
660.01,680.00,28.00,0.00,28.00
680.01,700.00,28.00,0.00,28.00
700.01,720.00,29.00,0.00,29.00
720.01,740.00,30.00,0.00,30.00
740.01,760.00,31.00,0.00,31.00
760.01,780.00,32.00,0.00,32.00
780.01,800.00,32.00,0.00,32.00
800.01,820.00,33.00,0.00,33.00
820.01,840.00,34.00,0.00,34.00
840.01,860.00,35.00,0.00,35.00
860.01,880.00,36.00,0.00,36.00
880.01,900.00,36.00,0.00,36.00
900.01,920.00,37.00,0.00,37.00
920.01,940.00,38.00,0.00,38.00
940.01,960.00,39.00,0.00,39.00
960.01,980.00,40.00,0.00,40.00
980.01,1000.00,40.00,0.00,40.00
1000.01,1020.00,41.00,0.00,41.00
1020.01,1040.00,42.00,0.00,42.00
1040.01,1060.00,43.00,0.00,43.00
1060.01,1080.00,44.00,0.00,44.00
1080.01,1100.00,44.00,0.00,44.00
1100.01,1120.00,45.00,0.00,45.00
1120.01,1140.00,46.00,0.00,46.00
1140.01,1160.00,47.00,0.00,47.00
1160.01,1180.00,48.00,0.00,48.00
1180.01,1200.00,48.00,0.00,48.00
1200.01,1220.00,49.00,0.00,49.00
1220.01,1240.00,50.00,0.00,50.00
1240.01,1260.00,51.00,0.00,51.00
1260.01,1280.00,52.00,0.00,52.00
1280.01,1300.00,52.00,0.00,52.00
1300.01,1320.00,53.00,0.00,53.00
1320.01,1340.00,54.00,0.00,54.00
1340.01,1360.00,55.00,0.00,55.00
1360.01,1380.00,56.00,0.00,56.00
1380.01,1400.00,56.00,0.00,56.00
1400.01,1420.00,57.00,0.00,57.00
1420.01,1440.00,58.00,0.00,58.00
1440.01,1460.00,59.00,0.00,59.00
1460.01,1480.00,60.00,0.00,60.00
1480.01,1500.00,60.00,0.00,60.00
1500.01,1520.00,61.00,0.00,61.00
1520.01,1540.00,62.00,0.00,62.00
1540.01,1560.00,63.00,0.00,63.00
1560.01,1580.00,64.00,0.00,64.00
1580.01,1600.00,64.00,0.00,64.00
1600.01,1620.00,65.00,0.00,65.00
1620.01,1640.00,66.00,0.00,66.00
1640.01,1660.00,67.00,0.00,67.00
1660.01,1680.00,68.00,0.00,68.00
1680.01,1700.00,68.00,0.00,68.00
1700.01,1720.00,69.00,0.00,69.00
1720.01,1740.00,70.00,0.00,70.00
1740.01,1760.00,71.00,0.00,71.00
1760.01,1780.00,72.00,0.00,72.00
1780.01,1800.00,72.00,0.00,72.00
1800.01,1820.00,73.00,0.00,73.00
1820.01,1840.00,74.00,0.00,74.00
1840.01,1860.00,75.00,0.00,75.00
1860.01,1880.00,76.00,0.00,76.00
1880.01,1900.00,76.00,0.00,76.00
1900.01,1920.00,77.00,0.00,77.00
1920.01,1940.00,78.00,0.00,78.00
1940.01,1960.00,79.00,0.00,79.00
1960.01,1980.00,80.00,0.00,80.00
1980.01,2000.00,80.00,0.00,80.00
2000.01,2020.00,81.00,0.00,81.00
2020.01,2040.00,82.00,0.00,82.00
2040.01,2060.00,83.00,0.00,83.00
2060.01,2080.00,84.00,0.00,84.00
2080.01,2100.00,84.00,0.00,84.00
2100.01,2120.00,85.00,0.00,85.00
2120.01,2140.00,86.00,0.00,86.00
2140.01,2160.00,87.00,0.00,87.00
2160.01,2180.00,88.00,0.00,88.00
2180.01,2200.00,88.00,0.00,88.00
2200.01,2220.00,89.00,0.00,89.00
2220.01,2240.00,90.00,0.00,90.00
2240.01,2260.00,91.00,0.00,91.00
2260.01,2280.00,92.00,0.00,92.00
2280.01,2300.00,92.00,0.00,92.00
2300.01,2320.00,93.00,0.00,93.00
2320.01,2340.00,94.00,0.00,94.00
2340.01,2360.00,95.00,0.00,95.00
2360.01,2380.00,96.00,0.00,96.00
2380.01,2400.00,96.00,0.00,96.00
2400.01,2420.00,97.00,0.00,97.00
2420.01,2440.00,98.00,0.00,98.00
2440.01,2460.00,99.00,0.00,99.00
2460.01,2480.00,100.00,0.00,100.00
2480.01,2500.00,100.00,0.00,100.00
2500.01,2520.00,101.00,0.00,101.00
2520.01,2540.00,102.00,0.00,102.00
2540.01,2560.00,103.00,0.00,103.00
2560.01,2580.00,104.00,0.00,104.00
2580.01,2600.00,104.00,0.00,104.00
2600.01,2620.00,105.00,0.00,105.00
2620.01,2640.00,106.00,0.00,106.00
2640.01,2660.00,107.00,0.00,107.00
2660.01,2680.00,108.00,0.00,108.00
2680.01,2700.00,108.00,0.00,108.00
2700.01,2720.00,109.00,0.00,109.00
2720.01,2740.00,110.00,0.00,110.00
2740.01,2760.00,111.00,0.00,111.00
2760.01,2780.00,112.00,0.00,112.00
2780.01,2800.00,112.00,0.00,112.00
2800.01,2820.00,113.00,0.00,113.00
2820.01,2840.00,114.00,0.00,114.00
2840.01,2860.00,115.00,0.00,115.00
2860.01,2880.00,116.00,0.00,116.00
2880.01,2900.00,116.00,0.00,116.00
2900.01,2920.00,117.00,0.00,117.00
2920.01,2940.00,118.00,0.00,118.00
2940.01,2960.00,119.00,0.00,119.00
2960.01,2980.00,120.00,0.00,120.00
2980.01,3000.00,120.00,0.00,120.00
3000.01,3020.00,121.00,0.00,121.00
3020.01,3040.00,122.00,0.00,122.00
3040.01,3060.00,123.00,0.00,123.00
3060.01,3080.00,124.00,0.00,124.00
3080.01,3100.00,124.00,0.00,124.00
3100.01,3120.00,125.00,0.00,125.00
3120.01,3140.00,126.00,0.00,126.00
3140.01,3160.00,127.00,0.00,127.00
3160.01,3180.00,128.00,0.00,128.00
3180.01,3200.00,128.00,0.00,128.00
3200.01,3220.00,129.00,0.00,129.00
3220.01,3240.00,130.00,0.00,130.00
3240.01,3260.00,131.00,0.00,131.00
3260.01,3280.00,132.00,0.00,132.00
3280.01,3300.00,132.00,0.00,132.00
3300.01,3320.00,133.00,0.00,133.00
3320.01,3340.00,134.00,0.00,134.00
3340.01,3360.00,135.00,0.00,135.00
3360.01,3380.00,136.00,0.00,136.00
3380.01,3400.00,136.00,0.00,136.00
3400.01,3420.00,137.00,0.00,137.00
3420.01,3440.00,138.00,0.00,138.00
3440.01,3460.00,139.00,0.00,139.00
3460.01,3480.00,140.00,0.00,140.00
3480.01,3500.00,140.00,0.00,140.00
3500.01,3520.00,141.00,0.00,141.00
3520.01,3540.00,142.00,0.00,142.00
3540.01,3560.00,143.00,0.00,143.00
3560.01,3580.00,144.00,0.00,144.00
3580.01,3600.00,144.00,0.00,144.00
3600.01,3620.00,145.00,0.00,145.00
3620.01,3640.00,146.00,0.00,146.00
3640.01,3660.00,147.00,0.00,147.00
3660.01,3680.00,148.00,0.00,148.00
3680.01,3700.00,148.00,0.00,148.00
3700.01,3720.00,149.00,0.00,149.00
3720.01,3740.00,150.00,0.00,150.00
3740.01,3760.00,151.00,0.00,151.00
3760.01,3780.00,152.00,0.00,152.00
3780.01,3800.00,152.00,0.00,152.00
3800.01,3820.00,153.00,0.00,153.00
3820.01,3840.00,154.00,0.00,154.00
3840.01,3860.00,155.00,0.00,155.00
3860.01,3880.00,156.00,0.00,156.00
3880.01,3900.00,156.00,0.00,156.00
3900.01,3920.00,157.00,0.00,157.00
3920.01,3940.00,158.00,0.00,158.00
3940.01,3960.00,159.00,0.00,159.00
3960.01,3980.00,160.00,0.00,160.00
3980.01,4000.00,160.00,0.00,160.00
4000.01,4020.00,161.00,0.00,161.00
4020.01,4040.00,162.00,0.00,162.00
4040.01,4060.00,163.00,0.00,163.00
4060.01,4080.00,164.00,0.00,164.00
4080.01,4100.00,164.00,0.00,164.00
4100.01,4120.00,165.00,0.00,165.00
4120.01,4140.00,166.00,0.00,166.00
4140.01,4160.00,167.00,0.00,167.00
4160.01,4180.00,168.00,0.00,168.00
4180.01,4200.00,168.00,0.00,168.00
4200.01,4220.00,169.00,0.00,169.00
4220.01,4240.00,170.00,0.00,170.00
4240.01,4260.00,171.00,0.00,171.00
4260.01,4280.00,172.00,0.00,172.00
4280.01,4300.00,172.00,0.00,172.00
4300.01,4320.00,173.00,0.00,173.00
4320.01,4340.00,174.00,0.00,174.00
4340.01,4360.00,175.00,0.00,175.00
4360.01,4380.00,176.00,0.00,176.00
4380.01,4400.00,176.00,0.00,176.00
4400.01,4420.00,177.00,0.00,177.00
4420.01,4440.00,178.00,0.00,178.00
4440.01,4460.00,179.00,0.00,179.00
4460.01,4480.00,180.00,0.00,180.00
4480.01,4500.00,180.00,0.00,180.00
4500.01,4520.00,181.00,0.00,181.00
4520.01,4540.00,182.00,0.00,182.00
4540.01,4560.00,183.00,0.00,183.00
4560.01,4580.00,184.00,0.00,184.00
4580.01,4600.00,184.00,0.00,184.00
4600.01,4620.00,185.00,0.00,185.00
4620.01,4640.00,186.00,0.00,186.00
4640.01,4660.00,187.00,0.00,187.00
4660.01,4680.00,188.00,0.00,188.00
4680.01,4700.00,188.00,0.00,188.00
4700.01,4720.00,189.00,0.00,189.00
4720.01,4740.00,190.00,0.00,190.00
4740.01,4760.00,191.00,0.00,191.00
4760.01,4780.00,192.00,0.00,192.00
4780.01,4800.00,192.00,0.00,192.00
4800.01,4820.00,193.00,0.00,193.00
4820.01,4840.00,194.00,0.00,194.00
4840.01,4860.00,195.00,0.00,195.00
4860.01,4880.00,196.00,0.00,196.00
4880.01,4900.00,196.00,0.00,196.00
4900.01,4920.00,197.00,0.00,197.00
4920.01,4940.00,198.00,0.00,198.00
4940.01,4960.00,199.00,0.00,199.00
4960.01,4980.00,200.00,0.00,200.00
4980.01,5000.00,200.00,0.00,200.00
5000.01,5100.00,204.00,0.00,204.00
5100.01,5200.00,208.00,0.00,208.00
5200.01,5300.00,212.00,0.00,212.00
5300.01,5400.00,216.00,0.00,216.00
5400.01,5500.00,220.00,0.00,220.00
5500.01,5600.00,224.00,0.00,224.00
5600.01,5700.00,228.00,0.00,228.00
5700.01,5800.00,232.00,0.00,232.00
5800.01,5900.00,236.00,0.00,236.00
5900.01,6000.00,240.00,0.00,240.00
6000.01,6100.00,244.00,0.00,244.00
6100.01,6200.00,248.00,0.00,248.00
6200.01,6300.00,252.00,0.00,252.00
6300.01,6400.00,256.00,0.00,256.00
6400.01,6500.00,260.00,0.00,260.00
6500.01,6600.00,264.00,0.00,264.00
6600.01,6700.00,268.00,0.00,268.00
6700.01,6800.00,272.00,0.00,272.00
6800.01,6900.00,276.00,0.00,276.00
6900.01,7000.00,280.00,0.00,280.00
7000.01,7100.00,284.00,0.00,284.00
7100.01,7200.00,288.00,0.00,288.00
7200.01,7300.00,292.00,0.00,292.00
7300.01,7400.00,296.00,0.00,296.00
7400.01,7500.00,300.00,0.00,300.00
7500.01,7600.00,304.00,0.00,304.00
7600.01,7700.00,308.00,0.00,308.00
7700.01,7800.00,312.00,0.00,312.00
7800.01,7900.00,316.00,0.00,316.00
7900.01,8000.00,320.00,0.00,320.00
8000.01,8100.00,324.00,0.00,324.00
8100.01,8200.00,328.00,0.00,328.00
8200.01,8300.00,332.00,0.00,332.00
8300.01,8400.00,336.00,0.00,336.00
8400.01,8500.00,340.00,0.00,340.00
8500.01,8600.00,344.00,0.00,344.00
8600.01,8700.00,348.00,0.00,348.00
8700.01,8800.00,352.00,0.00,352.00
8800.01,8900.00,356.00,0.00,356.00
8900.01,9000.00,360.00,0.00,360.00
9000.01,9100.00,364.00,0.00,364.00
9100.01,9200.00,368.00,0.00,368.00
9200.01,9300.00,372.00,0.00,372.00
9300.01,9400.00,376.00,0.00,376.00
9400.01,9500.00,380.00,0.00,380.00
9500.01,9600.00,384.00,0.00,384.00
9600.01,9700.00,388.00,0.00,388.00
9700.01,9800.00,392.00,0.00,392.00
9800.01,9900.00,396.00,0.00,396.00
9900.01,10000.00,400.00,0.00,400.00
10000.01,10100.00,404.00,0.00,404.00
10100.01,10200.00,408.00,0.00,408.00
10200.01,10300.00,412.00,0.00,412.00
10300.01,10400.00,416.00,0.00,416.00
10400.01,10500.00,420.00,0.00,420.00
10500.01,10600.00,424.00,0.00,424.00
10600.01,10700.00,428.00,0.00,428.00
10700.01,10800.00,432.00,0.00,432.00
10800.01,10900.00,436.00,0.00,436.00
10900.01,11000.00,440.00,0.00,440.00
11000.01,11100.00,444.00,0.00,444.00
11100.01,11200.00,448.00,0.00,448.00
11200.01,11300.00,452.00,0.00,452.00
11300.01,11400.00,456.00,0.00,456.00
11400.01,11500.00,460.00,0.00,460.00
11500.01,11600.00,464.00,0.00,464.00
11600.01,11700.00,468.00,0.00,468.00
11700.01,11800.00,472.00,0.00,472.00
11800.01,11900.00,476.00,0.00,476.00
11900.01,12000.00,480.00,0.00,480.00
12000.01,12100.00,484.00,0.00,484.00
12100.01,12200.00,488.00,0.00,488.00
12200.01,12300.00,492.00,0.00,492.00
12300.01,12400.00,496.00,0.00,496.00
12400.01,12500.00,500.00,0.00,500.00
12500.01,12600.00,504.00,0.00,504.00
12600.01,12700.00,508.00,0.00,508.00
12700.01,12800.00,512.00,0.00,512.00
12800.01,12900.00,516.00,0.00,516.00
12900.01,13000.00,520.00,0.00,520.00
13000.01,13100.00,524.00,0.00,524.00
13100.01,13200.00,528.00,0.00,528.00
13200.01,13300.00,532.00,0.00,532.00
13300.01,13400.00,536.00,0.00,536.00
13400.01,13500.00,540.00,0.00,540.00
13500.01,13600.00,544.00,0.00,544.00
13600.01,13700.00,548.00,0.00,548.00
13700.01,13800.00,552.00,0.00,552.00
13800.01,13900.00,556.00,0.00,556.00
13900.01,14000.00,560.00,0.00,560.00
14000.01,14100.00,564.00,0.00,564.00
14100.01,14200.00,568.00,0.00,568.00
14200.01,14300.00,572.00,0.00,572.00
14300.01,14400.00,576.00,0.00,576.00
14400.01,14500.00,580.00,0.00,580.00
14500.01,14600.00,584.00,0.00,584.00
14600.01,14700.00,588.00,0.00,588.00
14700.01,14800.00,592.00,0.00,592.00
14800.01,14900.00,596.00,0.00,596.00
14900.01,15000.00,600.00,0.00,600.00
15000.01,15100.00,604.00,0.00,604.00
15100.01,15200.00,608.00,0.00,608.00
15200.01,15300.00,612.00,0.00,612.00
15300.01,15400.00,616.00,0.00,616.00
15400.01,15500.00,620.00,0.00,620.00
15500.01,15600.00,624.00,0.00,624.00
15600.01,15700.00,628.00,0.00,628.00
15700.01,15800.00,632.00,0.00,632.00
15800.01,15900.00,636.00,0.00,636.00
15900.01,16000.00,640.00,0.00,640.00
16000.01,16100.00,644.00,0.00,644.00
16100.01,16200.00,648.00,0.00,648.00
16200.01,16300.00,652.00,0.00,652.00
16300.01,16400.00,656.00,0.00,656.00
16400.01,16500.00,660.00,0.00,660.00
16500.01,16600.00,664.00,0.00,664.00
16600.01,16700.00,668.00,0.00,668.00
16700.01,16800.00,672.00,0.00,672.00
16800.01,16900.00,676.00,0.00,676.00
16900.01,17000.00,680.00,0.00,680.00
17000.01,17100.00,684.00,0.00,684.00
17100.01,17200.00,688.00,0.00,688.00
17200.01,17300.00,692.00,0.00,692.00
17300.01,17400.00,696.00,0.00,696.00
17400.01,17500.00,700.00,0.00,700.00
17500.01,17600.00,704.00,0.00,704.00
17600.01,17700.00,708.00,0.00,708.00
17700.01,17800.00,712.00,0.00,712.00
17800.01,17900.00,716.00,0.00,716.00
17900.01,18000.00,720.00,0.00,720.00
18000.01,18100.00,724.00,0.00,724.00
18100.01,18200.00,728.00,0.00,728.00
18200.01,18300.00,732.00,0.00,732.00
18300.01,18400.00,736.00,0.00,736.00
18400.01,18500.00,740.00,0.00,740.00
18500.01,18600.00,744.00,0.00,744.00
18600.01,18700.00,748.00,0.00,748.00
18700.01,18800.00,752.00,0.00,752.00
18800.01,18900.00,756.00,0.00,756.00
18900.01,19000.00,760.00,0.00,760.00
19000.01,19100.00,764.00,0.00,764.00
19100.01,19200.00,768.00,0.00,768.00
19200.01,19300.00,772.00,0.00,772.00
19300.01,19400.00,776.00,0.00,776.00
19400.01,19500.00,780.00,0.00,780.00
19500.01,19600.00,784.00,0.00,784.00
19600.01,19700.00,788.00,0.00,788.00
19700.01,19800.00,792.00,0.00,792.00
19800.01,19900.00,796.00,0.00,796.00
19900.01,20000.00,800.00,0.00,800.00
